method,method_label,phase,episodes,phase_wall_time_seconds,phase_cpu_time_seconds,summed_episode_wall_time_seconds,summed_episode_cpu_time_seconds,average_wall_time_seconds_per_episode,average_cpu_time_seconds_per_episode
Karthikeya27adv8956,Karthikeya27adv8956,train,500,1605.4453168949112,1604.300653496,1605.3751303902827,1604.2317635659995,3.2107502607805656,3.208463527131999
Karthikeya27adv8956,Karthikeya27adv8956,test,300,1409.8492445866577,1408.989277007,1409.827780130785,1408.968966556995,4.699425933769283,4.69656322185665
