method,method_label,phase,episodes,phase_wall_time_seconds,phase_cpu_time_seconds,summed_episode_wall_time_seconds,summed_episode_cpu_time_seconds,average_wall_time_seconds_per_episode,average_cpu_time_seconds_per_episode
Karthikeya27adv8956,Karthikeya27adv8956,train,500,754.6022947350011,754.80490629,754.5427507699933,754.7463088280003,1.5090855015399867,1.5094926176560006
Karthikeya27adv8956,Karthikeya27adv8956,test,300,263.04389425299996,263.2469649369999,263.03549146100704,263.2391435700025,0.8767849715366901,0.8774638119000083
