method,method_label,phase,episodes,phase_wall_time_seconds,phase_cpu_time_seconds,summed_episode_wall_time_seconds,summed_episode_cpu_time_seconds,average_wall_time_seconds_per_episode,average_cpu_time_seconds_per_episode
Karthikeya27adv8956,Karthikeya27adv8956,train,500,717.4424966229126,714.689120965,717.3792991484515,714.6272626349995,1.434758598296903,1.429254525269999
Karthikeya27adv8956,Karthikeya27adv8956,test,300,475.01446387311444,474.336231289,474.98686669254676,474.3096223089984,1.5832895556418225,1.5810320743633282
