experiment,method,learning_rate,mean_R,median_R,IQMR,RMST_steps,RMST_tau_steps,RMST_event_definition,average_train_env_reward,median_train_env_reward,std_train_env_reward,average_train_total_reward,std_test_reward,mode_test_reward,min_test_reward,max_test_reward,q1_test_reward,q3_test_reward,convergence_episode,convergence_time_seconds,total_training_wall_time_seconds,train_collision_rate,test_collision_rate,train_goal_rate,test_goal_rate,test_off_road_rate,network_frozen_during_testing
standard_epsilon,Epsilon,5e-05,0.0005768101708963958,0.0005768101708963958,0.0005768101708963958,1.0,1,collision,0.000576810170896696,0.000576810170896696,0.0,0.050781217631884264,0.0,0.000577,0.0005768101708963958,0.0005768101708963958,0.0005768101708963958,0.0005768101708963958,1,0.23326444625854492,0.23326444625854492,0.0,0.0,0.0,0.0,0.0,True
median_50,Median 50,5e-05,0.0005768101708963958,0.0005768101708963958,0.0005768101708963958,1.0,1,collision,0.000576810170896696,0.000576810170896696,0.0,0.050780768604018145,0.0,0.000577,0.0005768101708963958,0.0005768101708963958,0.0005768101708963958,0.0005768101708963958,1,0.009530305862426758,0.009530305862426758,0.0,0.0,0.0,0.0,0.0,True
