experiment,method,Mean R,Median R,IQMR,RMST
standard_epsilon,Epsilon,0.0005768101708963958,0.0005768101708963958,0.0005768101708963958,1.0
median_50,Median 50,0.0005768101708963958,0.0005768101708963958,0.0005768101708963958,1.0
