comparison,p_raw,p_holm
SafetyPool vs Epsilon-Greedy DQN,0.008685211199123489,0.017370422398246977
SafetyPool vs NoisyNet DQN,0.00942295485973675,0.017370422398246977
SafetyPool vs DQN + RND,0.005684474003904788,0.017053422011714364
