phase,policy,method,episodes,mean_R,median_R,IQM_R,collision_free_RMST_steps,RMST_tau_steps,collision_count,collision_rate,goal_count,goal_rate,brake_challenge_episodes,brake_challenge_collision_count,brake_challenge_RMST_steps,network_frozen
test,epsilon_greedy,Epsilon Greedy,300,150.37019983761655,180.92614569683576,179.32596676030627,453.0233333333335,500,47,0.15666666666666668,253,0.8433333333333334,157,33,430.61783439490443,True
test,median_50,Median 50,300,159.69690729636835,172.19114773635545,172.13788273553732,478.99,500,18,0.06,280,0.9333333333333333,157,18,459.85350318471336,True
