{
  "epsilon_greedy": {
    "train_average_reward": 125.91963929102336,
    "train_median_reward": 172.85579891407167,
    "train_std_reward": 73.50844236397059,
    "test_average_reward": 150.37019983761655,
    "test_median_reward": 180.92614569683576,
    "test_std_reward": 69.7248219265933,
    "test_min_reward": -30.33660086558406,
    "test_max_reward": 187.94449535563967,
    "train_collision_count": 56,
    "train_collision_rate": 0.112,
    "train_goal_count": 322,
    "train_goal_rate": 0.644,
    "test_collision_count": 47,
    "test_collision_rate": 0.15666666666666668,
    "test_collision_free_rate": 0.8433333333333334,
    "test_goal_count": 253,
    "test_goal_rate": 0.8433333333333334,
    "test_average_steps": 402.39,
    "train_IQM_reward": 151.29387073526578,
    "test_IQM_reward": 179.32596676030627,
    "train_collision_free_RMST_steps": 465.9894752639806,
    "test_collision_free_RMST_steps": 453.0233333333335,
    "train_brake_challenge_RMST_steps": 465.70647321283576,
    "test_brake_challenge_RMST_steps": 430.61783439490443
  },
  "median_50": {
    "train_average_reward": 144.9261136311156,
    "train_median_reward": 166.75469762272755,
    "train_std_reward": 58.751596666006485,
    "test_average_reward": 159.69690729636835,
    "test_median_reward": 172.19114773635545,
    "test_std_reward": 46.92684989760665,
    "test_min_reward": -31.385800818592045,
    "test_max_reward": 177.53179589835173,
    "train_collision_count": 26,
    "train_collision_rate": 0.052,
    "train_goal_count": 433,
    "train_goal_rate": 0.866,
    "test_collision_count": 18,
    "test_collision_rate": 0.06,
    "test_collision_free_rate": 0.94,
    "test_goal_count": 280,
    "test_goal_rate": 0.9333333333333333,
    "test_average_steps": 413.8833333333333,
    "train_IQM_reward": 165.7053258531625,
    "test_IQM_reward": 172.13788273553732,
    "train_collision_free_RMST_steps": 483.1061186440679,
    "test_collision_free_RMST_steps": 478.99,
    "train_brake_challenge_RMST_steps": 477.4305768684286,
    "test_brake_challenge_RMST_steps": 459.85350318471336
  }
}