experiment,method,Mean R,Median R,IQMR,RMST
standard_epsilon,Epsilon,48.91088611344226,49.135252240026304,48.190015253619876,87.70668225279817
median_50,Median 50,53.74719479085468,52.31103023411333,52.80520029501215,128.52596709546634
