method,method_label,phase,episodes,phase_wall_time_seconds,phase_cpu_time_seconds,summed_episode_wall_time_seconds,summed_episode_cpu_time_seconds,average_wall_time_seconds_per_episode,average_cpu_time_seconds_per_episode
Karthikeya27adv20,Karthikeya27adv20,train,500,439.26414863300306,3961.6816714829997,436.1921800351047,3955.4520108589973,0.8723843600702094,7.910904021717995
Karthikeya27adv20,Karthikeya27adv20,test,300,76.93916300099954,77.00900475900016,75.09990805993584,75.16827862100263,0.2503330268664528,0.2505609287366754
